id,price,title
[0],"110,00 €",Jeans anchos cargo Lightweight
[1],"120,00 €",Jeans Lightweight rectos de tiro alto 724™
[2],"120,00 €",Jeans Lightweight skinny de tiro alto 721™
[3],"120,00 €",Jeans 511™ Slim Lightweight
[4],"120,00 €",Jeans 511™ Slim Lightweight
[5],"130,00 €",Jeans High Rise Tailored 724™
[6],"120,00 €",Jeans 512™ Slim Taper Lightweight
[7],"120,00 €",Jeans 511™ Slim Lightweight
[8],"120,00 €",Jeans 512™ Slim Taper Lightweight
[9],"120,00 €",Jeans 502™ Taper Lightweight
[10],"120,00 €",Jeans 501® Levi's® Crop
[11],"120,00 €",Jeans 502™ Taper Lightweight
[12],"120,00 €",Jeans Levi's® 501® Original Lightweight
[13],"120,00 €",Jeans Levi's® 501® Original Lightweight
[14],"135,00 €",Jeans anchos Dad Wide Leg Lightweight
[15],"29,00 €",Camiseta Vintage Levi's® Red Tab™
[16],"135,00 €",Jeans Ribcage Straight Patch Pocket
[17],"135,00 €",Jeans Ribcage Straight Patch Pocket
[18],"99,00 €",Jeans 502™ Taper
[19],"85,00 €",Camisa de manga larga Auburn Worker
[20],"69,00 €",Sudadera de corte holgado con estampado y cuello redondo
[21],"27,00 €",Camiseta Housemark Original
[22],"29,00 €",Camiseta Vintage Levi's® Red Tab™
[23],"27,00 €",Camiseta Housemark Original
[24],"69,00 €",Camisa utilitaria Doreen
[25],"69,00 €",Blusa Carinna Lightweight
[26],"29,00 €",Camiseta estampada con fit holgado
[27],"130,00 €",Chaqueta Andy Tech
[28],"120,00 €",80s Mom Jeans
[29],"130,00 €",Jeans ceñidos 511™
[30],"89,00 €",Pantalones XX Chino Authentic Straight
[31],"95,00 €",Jeans 511™ Slim Lightweight
[32],"120,00 €",Jeans 511™ Slim Soft Lightweight
[33],"120,00 €",Jeans 501® '90S
[34],"120,00 €",Jeans estrechos de tiro alto 721™
[35],"110,00 €",501® Original Jeans Levi's®
[36],"110,00 €",Jeans anchos cargo Lightweight
[37],"120,00 €",Jeans Lightweight rectos de tiro alto 724™
[38],"120,00 €",Jeans Lightweight skinny de tiro alto 721™
[39],"120,00 €",Jeans 511™ Slim Lightweight
[40],"120,00 €",Jeans 511™ Slim Lightweight
[41],"130,00 €",Jeans High Rise Tailored 724™
[42],"120,00 €",Jeans 512™ Slim Taper Lightweight
[43],"120,00 €",Jeans 511™ Slim Lightweight
[44],"120,00 €",Jeans 512™ Slim Taper Lightweight
[45],"120,00 €",Jeans 502™ Taper Lightweight
[46],"120,00 €",Jeans 501® Levi's® Crop
[47],"120,00 €",Jeans 502™ Taper Lightweight
[48],"120,00 €",Jeans Levi's® 501® Original Lightweight
[49],"120,00 €",Jeans Levi's® 501® Original Lightweight
[50],"135,00 €",Jeans anchos Dad Wide Leg Lightweight
[51],"29,00 €",Camiseta Vintage Levi's® Red Tab™
[52],"135,00 €",Jeans Ribcage Straight Patch Pocket
[53],"135,00 €",Jeans Ribcage Straight Patch Pocket
[54],"99,00 €",Jeans 502™ Taper
[55],"85,00 €",Camisa de manga larga Auburn Worker
[56],"69,00 €",Sudadera de corte holgado con estampado y cuello redondo
[57],"27,00 €",Camiseta Housemark Original
[58],"29,00 €",Camiseta Vintage Levi's® Red Tab™
[59],"27,00 €",Camiseta Housemark Original
[60],"69,00 €",Camisa utilitaria Doreen
[61],"69,00 €",Blusa Carinna Lightweight
[62],"29,00 €",Camiseta estampada con fit holgado
[63],"130,00 €",Chaqueta Andy Tech
[64],"120,00 €",80s Mom Jeans
[65],"130,00 €",Jeans ceñidos 511™
[66],"89,00 €",Pantalones XX Chino Authentic Straight
[67],"95,00 €",Jeans 511™ Slim Lightweight
[68],"120,00 €",Jeans 511™ Slim Soft Lightweight
[69],"120,00 €",Jeans 501® '90S
[70],"120,00 €",Jeans estrechos de tiro alto 721™
[71],"110,00 €",501® Original Jeans Levi's®
